Starting from,Acquisition cost,Sell value,Currency
1/1/1998,,2.6253,FRF
4/1/1998,,2.6568,FRF
1/1/1997,26.2291,2.6045,FRF
4/1/1997,,2.6253,FRF
1/1/1996,23.4988,2.6045,FRF
4/1/1996,,2.6045,FRF
4/1/1995,22.23162,2.566,FRF
10/1/1995,,2.566,FRF
4/1/1994,21.86,2.54,FRF
10/1/1994,,2.54,FRF
4/1/1993,21.52,2.54,FRF
10/1/1993,,2.54,FRF
1/1/1992,20.81,2.438,FRF
7/1/1992,,2.454,FRF
1/1/1991,20.02,2.306,FRF
7/1/1991,,2.408,FRF
1/1/1990,19.17,2.2,FRF
7/1/1990,,2.266,FRF
1/1/1989,18.28,2.13,FRF
7/1/1989,,2.168,FRF
1/1/1988,17.5,2.056,FRF
7/1/1988,,2.104,FRF
1/1/1987,16.83,2.004,FRF
7/1/1987,,2.024,FRF
1/1/1986,16.15,1.956,FRF
7/1/1986,,1.98,FRF
1/1/1985,15.42,1.872,FRF
7/1/1985,,1.908,FRF
1/1/1984,14.56,1.74,FRF
7/1/1984,,1.832,FRF
1/1/1983,13.49,1.568,FRF
7/1/1983,,1.74,FRF
1/1/1982,12.32,1.444,FRF
7/1/1982,,1.536,FRF
1/1/1981,10.83,1.28,FRF
7/1/1981,,1.36,FRF
1/1/1980,9.51,1.108,FRF
7/1/1980,,1.208,FRF
1/1/1979,8.27,1,FRF
7/1/1979,,1.408,FRF
1/1/1978,7.38,0.9,FRF
7/1/1978,,0.952,FRF
1/1/1977,6.65,0.816,FRF
7/1/1977,,0.856,FRF
1/1/1976,5.95,0.708,FRF
7/1/1976,,0.78,FRF
1/1/1975,5.3,0.6,FRF
7/1/1975,,0.672,FRF
1/1/1974,4.71,0.53,FRF
7/1/1974,,0.53,FRF
1/1/1973,4.06,0.48,FRF
7/1/1973,,0.48,FRF
1/1/1972,3.6,0.42,FRF
7/1/1972,,0.42,FRF
1/1/1971,3.23,0.39,FRF
7/1/1971,,0.39,FRF
1/1/1970,2.92,0.36,FRF
7/1/1970,,0.36,FRF
1/1/1969,2.69,0.3324,FRF
7/1/1969,,0.3324,FRF
1/1/1968,2.46,0.32,FRF
7/1/1968,,0.32,FRF
1/1/1967,2.22,,FRF
